{"episode_types": ["t", "t", "t", "t", "t", "t", "t", "t", "t", "t", "t", "t", "t", "t", "t", "t", "t", "t", "t", "t", "t", "t", "t", "t", "t", "t", "t", "t", "t", "t", "t", "t", "t", "t", "t", "t", "t", "t", "t", "t", "t", "t", "t", "t", "t", "t", "t", "t", "t", "t", "t", "t", "t", "t", "t", "t", "t", "t", "t", "t", "t", "t", "t", "t", "t", "t", "t", "t", "t", "t", "t", "t", "t", "t", "t", "t", "t", "t", "t", "t", "t", "t", "t", "t", "t", "t", "t", "t", "t", "t", "t", "t", "t", "t", "t", "t", "t", "t", "t", "t"], "initial_reset_timestamp": 1496980634.2101612, "timestamps": [1496980634.744654, 1496980635.0454967, 1496980635.1585882, 1496980635.2413232, 1496980635.3332944, 1496980635.4328506, 1496980635.5378945, 1496980635.6396844, 1496980635.9428334, 1496980636.0675528, 1496980636.177931, 1496980636.2801092, 1496980636.3581164, 1496980636.442595, 1496980636.5430565, 1496980636.6486971, 1496980636.7550108, 1496980636.8406844, 1496980636.920186, 1496980636.9993265, 1496980637.1048431, 1496980637.2102358, 1496980637.3166265, 1496980637.421069, 1496980637.4967961, 1496980637.5689852, 1496980637.6649263, 1496980638.0123901, 1496980638.1415665, 1496980638.2179363, 1496980638.3049254, 1496980638.410542, 1496980638.5094283, 1496980638.5904999, 1496980638.6747806, 1496980638.7802386, 1496980638.857574, 1496980638.9530497, 1496980639.057693, 1496980639.1625342, 1496980639.2677848, 1496980639.363199, 1496980639.4414973, 1496980639.5354521, 1496980639.6192272, 1496980639.7091846, 1496980639.774926, 1496980639.8513987, 1496980639.9338276, 1496980640.0271835, 1496980640.092898, 1496980640.1915343, 1496980640.2902277, 1496980640.3955503, 1496980640.468111, 1496980640.560667, 1496980640.6514902, 1496980640.7279577, 1496980640.8135657, 1496980640.9186723, 1496980641.0239005, 1496980641.105043, 1496980641.2055483, 1496980641.2962155, 1496980641.591136, 1496980641.6998932, 1496980641.8047369, 1496980641.890746, 1496980641.996457, 1496980642.0795057, 1496980642.1856027, 1496980642.3024697, 1496980642.3884294, 1496980642.4844637, 1496980642.5901334, 1496980642.664088, 1496980642.7633626, 1496980642.8686512, 1496980642.9677763, 1496980643.071293, 1496980643.1464639, 1496980643.2311277, 1496980643.3093865, 1496980643.38134, 1496980643.474078, 1496980643.5583029, 1496980643.651263, 1496980643.7387338, 1496980643.821683, 1496980643.912879, 1496980644.0189202, 1496980644.1249232, 1496980644.2031012, 1496980644.2975621, 1496980644.4033015, 1496980644.50886, 1496980644.6081834, 1496980644.714181, 1496980644.8200426, 1496980644.904643], "episode_lengths": [50, 47, 47, 48, 54, 59, 62, 59, 50, 49, 62, 60, 45, 49, 59, 62, 62, 50, 46, 46, 62, 62, 62, 62, 44, 41, 56, 62, 58, 44, 51, 62, 58, 47, 49, 62, 45, 56, 62, 62, 62, 56, 45, 55, 49, 52, 37, 44, 48, 55, 37, 58, 58, 62, 41, 54, 52, 44, 50, 62, 62, 47, 59, 53, 53, 46, 61, 50, 62, 48, 62, 69, 50, 56, 62, 42, 58, 62, 58, 61, 43, 49, 45, 41, 54, 49, 54, 51, 48, 53, 62, 62, 45, 55, 62, 62, 58, 62, 62, 49], "episode_rewards": [-5.0, -5.0, -5.0, -5.0, -5.0, -5.0, -5.0, -5.0, -5.0, -5.0, -5.0, -5.0, -5.0, -5.0, -5.0, -5.0, -5.0, -5.0, -5.0, -5.0, -5.0, -5.0, -5.0, -5.0, -5.0, -5.0, -5.0, -5.0, -5.0, -5.0, -5.0, -5.0, -5.0, -5.0, -5.0, -5.0, -5.0, -5.0, -5.0, -5.0, -5.0, -5.0, -5.0, -5.0, -5.0, -5.0, -5.0, -5.0, -5.0, -5.0, -5.0, -5.0, -5.0, -5.0, -5.0, -5.0, -5.0, -5.0, -5.0, -5.0, -5.0, -5.0, -5.0, -5.0, -5.0, -5.0, -5.0, -5.0, -5.0, -5.0, -5.0, -4.0, -5.0, -5.0, -5.0, -5.0, -5.0, -5.0, -5.0, -5.0, -5.0, -5.0, -5.0, -5.0, -5.0, -5.0, -5.0, -5.0, -5.0, -5.0, -5.0, -5.0, -5.0, -5.0, -5.0, -5.0, -5.0, -5.0, -5.0, -5.0]}