{"episode_lengths": [50, 47], "episode_types": ["t", "t", "t"], "episode_rewards": [-5.0, -5.0], "timestamps": [1497061086.0436156, 1497061086.8759446], "initial_reset_timestamp": 1497061084.9536905}